9e160ac0;Cream of mushroom condensed soup;5020
15d25688;Homestyle butter mashed potatoes;6362
cadf9a5e;Formula 1 Mirtillo;1872
8810801a;Falafel;3148
9702df12;Rich tomato sauce topped with uncured pepperoni;7906
699a1e9f;Pub style cheese loaded with toppings whole milk mozzarella cheese pizza;8424
8bb1b853;Spanish style rice;546
6d836da4;Well yes soup red pepper tomato;10254
510e7d1;"Campbell;s soup cream of celery";4143
d15fec8a;Suddenly Salad Classic Pasta Salad;5032
efef0fea;Shells + vegan cheddar plant-based mac with chickpea pasta;2283
c7e251b1;Granulated chicken flavor soup base mix;8297
4e51ddf8;Medium traditional sausage;8249
199f0ef3;Four cheese mozzarella;4707
4c55c8b2;Beef 50% less sodium broth;485
e2764a20;Cream of celery condensed soup;3229
1cb6e601;Unsalted vegetable stock for cooking;8638
1c8070db;Fat free broth;9611
29a04e11;Flavorful chicken broth loaded with egg noodles & veggies soup mix;1781
73b6c903;Korean-style bbq beef starter kit;8888
ebe42f;Chickpea pasta mac and cheese;9664
96028f6d;Primavera zucchini;274
d6218cb3;Lentil vegetable organic soups;3104
8371cdfe;"Steakhouse Recipe Grillin; Beans";3712
c710bebb;Margherita cauliflower crust pizza;3602
42e2cb51;"Campbell;s soup vegetable";9809
cc171559;Tomato condensed soup;5045
9e160ac0;Cream of mushroom condensed soup;4890
47e99d4f;Classic macaroni salad with sweet pickle relish;2534
e432ddca;Chicken stock;9154
8a567e1e;Chicken flavored rice pasta & sauce mix;4378
1cfbc4c8;Bacon;1983
57296c39;Pepperoni & mozzarella cheese pizza;2949
33f009db;Lightly seasoned shredded beef;9502
53d2a4d9;Organic antibiotic-free chicken bone broth;4033
72a8c1bc;"Campbell;s soup chicken & pasta";2632
5c352d93;Essentials macaroni & cheese dinner pasta with a cheese sauce mix;9134
3fbc11f1;Seasoned long grain rice in a mild;10051
f0b8f689;Supreme rising crust premium deli style pepperoni;3720
1fa5e1cc;Lemon pepper a blend of lentils;5032
4291c886;Formula 1 sostituto del pasto Fragola dealight 550 g alimenti Herbalife;323
5fbe129c;Lightly seasoned shredded chicken;2351
d343222d;Uncured pepperoni;2607
d8cc56d4;Five cheese thin & crispy topped with tomato sauce;658
849c9359;Fire yakisoba spicy beef japanese home style noodles;4075
e6d5874b;Chicken fun noodle soup with white meat;3918
23bf2090;Honey mustard chicken salad;8439
2874756c;Macaroni salad;895